OrderID,Address,TrackingInfo
O00001,"123 Street 1, City, Country",TRACK00001
O00002,"123 Street 2, City, Country",TRACK00002
O00003,"123 Street 3, City, Country",TRACK00003
O00004,"123 Street 4, City, Country",TRACK00004
O00005,"123 Street 5, City, Country",TRACK00005
O00006,"123 Street 6, City, Country",TRACK00006
O00007,"123 Street 7, City, Country",TRACK00007
O00008,"123 Street 8, City, Country",TRACK00008
O00009,"123 Street 9, City, Country",TRACK00009
O00010,"123 Street 10, City, Country",TRACK00010
O00011,"123 Street 11, City, Country",TRACK00011
O00012,"123 Street 12, City, Country",TRACK00012
O00013,"123 Street 13, City, Country",TRACK00013
O00014,"123 Street 14, City, Country",TRACK00014
O00015,"123 Street 15, City, Country",TRACK00015
O00016,"123 Street 16, City, Country",TRACK00016
O00017,"123 Street 17, City, Country",TRACK00017
O00018,"123 Street 18, City, Country",TRACK00018
O00019,"123 Street 19, City, Country",TRACK00019
O00020,"123 Street 20, City, Country",TRACK00020
O00021,"123 Street 21, City, Country",TRACK00021
O00022,"123 Street 22, City, Country",TRACK00022
O00023,"123 Street 23, City, Country",TRACK00023
O00024,"123 Street 24, City, Country",TRACK00024
O00025,"123 Street 25, City, Country",TRACK00025
O00026,"123 Street 26, City, Country",TRACK00026
O00027,"123 Street 27, City, Country",TRACK00027
O00028,"123 Street 28, City, Country",TRACK00028
O00029,"123 Street 29, City, Country",TRACK00029
O00030,"123 Street 30, City, Country",TRACK00030
O00031,"123 Street 31, City, Country",TRACK00031
O00032,"123 Street 32, City, Country",TRACK00032
O00033,"123 Street 33, City, Country",TRACK00033
O00034,"123 Street 34, City, Country",TRACK00034
O00035,"123 Street 35, City, Country",TRACK00035
O00036,"123 Street 36, City, Country",TRACK00036
O00037,"123 Street 37, City, Country",TRACK00037
O00038,"123 Street 38, City, Country",TRACK00038
O00039,"123 Street 39, City, Country",TRACK00039
O00040,"123 Street 40, City, Country",TRACK00040
O00041,"123 Street 41, City, Country",TRACK00041
O00042,"123 Street 42, City, Country",TRACK00042
O00043,"123 Street 43, City, Country",TRACK00043
O00044,"123 Street 44, City, Country",TRACK00044
O00045,"123 Street 45, City, Country",TRACK00045
O00046,"123 Street 46, City, Country",TRACK00046
O00047,"123 Street 47, City, Country",TRACK00047
O00048,"123 Street 48, City, Country",TRACK00048
O00049,"123 Street 49, City, Country",TRACK00049
O00050,"123 Street 50, City, Country",TRACK00050
O00051,"123 Street 51, City, Country",TRACK00051
O00052,"123 Street 52, City, Country",TRACK00052
O00053,"123 Street 53, City, Country",TRACK00053
O00054,"123 Street 54, City, Country",TRACK00054
O00055,"123 Street 55, City, Country",TRACK00055
O00056,"123 Street 56, City, Country",TRACK00056
O00057,"123 Street 57, City, Country",TRACK00057
O00058,"123 Street 58, City, Country",TRACK00058
O00059,"123 Street 59, City, Country",TRACK00059
O00060,"123 Street 60, City, Country",TRACK00060
O00061,"123 Street 61, City, Country",TRACK00061
O00062,"123 Street 62, City, Country",TRACK00062
O00063,"123 Street 63, City, Country",TRACK00063
O00064,"123 Street 64, City, Country",TRACK00064
O00065,"123 Street 65, City, Country",TRACK00065
O00066,"123 Street 66, City, Country",TRACK00066
O00067,"123 Street 67, City, Country",TRACK00067
O00068,"123 Street 68, City, Country",TRACK00068
O00069,"123 Street 69, City, Country",TRACK00069
O00070,"123 Street 70, City, Country",TRACK00070
O00071,"123 Street 71, City, Country",TRACK00071
O00072,"123 Street 72, City, Country",TRACK00072
O00073,"123 Street 73, City, Country",TRACK00073
O00074,"123 Street 74, City, Country",TRACK00074
O00075,"123 Street 75, City, Country",TRACK00075
O00076,"123 Street 76, City, Country",TRACK00076
O00077,"123 Street 77, City, Country",TRACK00077
O00078,"123 Street 78, City, Country",TRACK00078
O00079,"123 Street 79, City, Country",TRACK00079
O00080,"123 Street 80, City, Country",TRACK00080
O00081,"123 Street 81, City, Country",TRACK00081
O00082,"123 Street 82, City, Country",TRACK00082
O00083,"123 Street 83, City, Country",TRACK00083
O00084,"123 Street 84, City, Country",TRACK00084
O00085,"123 Street 85, City, Country",TRACK00085
O00086,"123 Street 86, City, Country",TRACK00086
O00087,"123 Street 87, City, Country",TRACK00087
O00088,"123 Street 88, City, Country",TRACK00088
O00089,"123 Street 89, City, Country",TRACK00089
O00090,"123 Street 90, City, Country",TRACK00090
O00091,"123 Street 91, City, Country",TRACK00091
O00092,"123 Street 92, City, Country",TRACK00092
O00093,"123 Street 93, City, Country",TRACK00093
O00094,"123 Street 94, City, Country",TRACK00094
O00095,"123 Street 95, City, Country",TRACK00095
O00096,"123 Street 96, City, Country",TRACK00096
O00097,"123 Street 97, City, Country",TRACK00097
O00098,"123 Street 98, City, Country",TRACK00098
O00099,"123 Street 99, City, Country",TRACK00099
O00100,"123 Street 100, City, Country",TRACK00100
